[
    {
        "source_platform": "google_places",
        "name": "InvestFX",
        "about": "At InvestFX, our mission, vision, and values guide everything we do. We are committed to providing exceptional trading experiences and helping our clients achieve their financial goals.",
        "contact": {
            "email": "info@investfx.co",
            "phone": "+90 555 888 98 50",
            "website": "http://www.investfx.co/"
        },
        "location": {
            "country": "T\u00fcrkiye",
            "country_acronym": "TR",
            "address": "Talatpa\u015fa Mahallesi, Pazar Yolu Cad no:2 Office:53, Esenyurt"
        },
        "business_context": "finance"
    },
    {
        "source_platform": "google_places",
        "name": "EXNESS",
        "contact": {
            "phone": "0704 155 9314",
            "website": null
        },
        "location": {
            "address": "Ow\u00f3d\u00e9 St, Ife",
            "country_code": "NG",
            "country": "Nigeria"
        },
        "business_context": null
    },
    {
        "source_platform": "google_places",
        "name": "IG GRILLS",
        "contact": {
            "phone": "0809 979 6598",
            "website": null
        },
        "location": {
            "address": "Ikosi Isheri, 9 Jimoh Balogun St, Lagos",
            "country_code": "NG",
            "country": "Nigeria"
        },
        "business_context": "store"
    },
    {
        "source_platform": "google_places",
        "name": "https://www.instagram.com/donutkery?igsh=MWpkdGFqODlteWg2YQ%3D%3D&utm_source=qr",
        "contact": {
            "phone": "0905 825 5221",
            "website": "https://www.instagram.com/donutkery?igsh=MWpkdGFqODlteWg2YQ==&utm_source=qr"
        },
        "location": {
            "address": "137 Herbert Macaulay Wy, Lagos",
            "country_code": "NG",
            "country": "Nigeria"
        },
        "business_context": "bakery"
    },
    {
        "source_platform": "google_places",
        "name": "IG STORE P",
        "contact": {
            "phone": "0807 194 4990",
            "website": null
        },
        "location": {
            "address": "3 Anuoluwapo St, Lagos",
            "country_code": "NG",
            "country": "Nigeria"
        },
        "business_context": "store"
    },
    {
        "source_platform": "google_places",
        "name": "IG Supermarket",
        "contact": {
            "phone": "0809 431 0663",
            "website": null
        },
        "location": {
            "address": "No shop 2 saint finbarrs road akoka, unilag side yaba, Lagos",
            "country_code": "NG",
            "country": "Nigeria"
        },
        "business_context": "food_store"
    },
    {
        "source_platform": "google_places",
        "name": "I.G.(Nig) Bookshop",
        "contact": {
            "phone": "0803 598 7134",
            "website": null
        },
        "location": {
            "address": "39 Demurin St, Lagos",
            "country_code": "NG",
            "country": "Nigeria"
        },
        "business_context": "book_store"
    },
    {
        "source_platform": "google_places",
        "name": "IG Barber Shop",
        "contact": {
            "phone": "0803 688 0260",
            "website": null
        },
        "location": {
            "address": "Ojodu, 2A Olaleke Taiwo St, Ikeja",
            "country_code": "NG",
            "country": "Nigeria"
        },
        "business_context": "barber_shop"
    },
    {
        "source_platform": "google_places",
        "name": "IG Energy Ltd",
        "contact": {
            "phone": "0902 416 7757",
            "website": "https://igenergy.bumpa.shop/"
        },
        "location": {
            "address": "Phase 1, Plot 3553A Bola Lateef Crescent, Lakeview Estate, Ago Palace Way, Amuwo-Odofin",
            "country_code": "NG",
            "country": "Nigeria"
        },
        "business_context": null
    },
    {
        "source_platform": "google_places",
        "name": "IG Electrical Service and sales",
        "contact": {
            "phone": "0701 987 1952",
            "website": null
        },
        "location": {
            "address": "81 St Finbarr's road akoka Somolu, local",
            "country_code": "NG",
            "country": "Nigeria"
        },
        "business_context": "store"
    },
    {
        "source_platform": "google_places",
        "name": "I G Holdling Nig.",
        "contact": {
            "phone": "14932776",
            "website": null
        },
        "location": {
            "address": "Oshodi, 46 Brown St, Lagos",
            "country_code": "NG",
            "country": "Nigeria"
        },
        "business_context": "store"
    },
    {
        "source_platform": "google_places",
        "name": "Forex Trading Company",
        "contact": {
            "phone": "0805 158 1633",
            "website": null
        },
        "location": {
            "address": "11A Allen Ave, Lagos",
            "country_code": "NG",
            "country": "Nigeria"
        },
        "business_context": "consultant"
    },
    {
        "source_platform": "google_places",
        "name": "Forex Trading Company",
        "contact": {
            "phone": "0805 158 1633",
            "website": null
        },
        "location": {
            "address": "11A Allen Ave, Lagos",
            "country_code": "NG",
            "country": "Nigeria"
        },
        "business_context": "parking"
    },
    {
        "source_platform": "google_places",
        "name": "FXBrokers NG",
        "contact": {
            "phone": "0703 239 6660",
            "website": "https://forexbroker.ng/"
        },
        "location": {
            "address": "9 Royal Estate, Royal St, Lagos",
            "country_code": "NG",
            "country": "Nigeria"
        },
        "business_context": "finance"
    },
    {
        "source_platform": "google_places",
        "name": "FXCG",
        "contact": {
            "phone": "020 7097 4323",
            "website": "https://www.fxcg.com/"
        },
        "location": {
            "address": "A Obafemi Awolowo Wy, Ikeja",
            "country_code": "NG",
            "country": "Nigeria"
        },
        "business_context": "finance"
    },
    {
        "source_platform": "google_places",
        "name": "FOREX BILLIONAIRE",
        "contact": {
            "phone": "0803 560 6814",
            "website": null
        },
        "location": {
            "address": "PLOT 2 ASSBIFI ROAD ALAUSA IKEJA PROTEA IKEJA, Lagos",
            "country_code": "NG",
            "country": "Nigeria"
        },
        "business_context": "consultant"
    },
    {
        "source_platform": "google_places",
        "name": "HFM Nigeria",
        "contact": {
            "phone": "0706 370 5519",
            "website": "https://www.hfm.com/int/en-ng/?mcid=17415"
        },
        "location": {
            "address": "3rd floor, Wuraola House, 90 Allen Avenue, Ikeja, Lagos",
            "country_code": "NG",
            "country": "Nigeria"
        },
        "business_context": "finance"
    },
    {
        "source_platform": "google_places",
        "name": "Habby Forex Trading Academy",
        "contact": {
            "phone": "0907 309 7779",
            "website": "http://habbyforex.com/"
        },
        "location": {
            "address": "20 Victoria Arobieke St, Lekki",
            "country_code": "NG",
            "country": "Nigeria"
        },
        "business_context": "finance"
    },
    {
        "source_platform": "google_places",
        "name": "Forex Trading And Investments",
        "contact": {
            "phone": "0802 330 6206",
            "website": null
        },
        "location": {
            "address": "No. 12 Kemberi Road, Lagos",
            "country_code": "NG",
            "country": "Nigeria"
        },
        "business_context": "bank"
    },
    {
        "source_platform": "google_places",
        "name": "MBA FOREX Limited",
        "contact": {
            "phone": "0705 461 3070",
            "website": null
        },
        "location": {
            "address": "2 Allen Ave, Lagos",
            "country_code": "NG",
            "country": "Nigeria"
        },
        "business_context": "finance"
    },
    {
        "source_platform": "google_places",
        "name": "Flotrade Investments",
        "contact": {
            "phone": "0708 114 1535",
            "website": null
        },
        "location": {
            "address": "4, Oyetubo Street, Off Obafemi Awolowo Wy, Lagos",
            "country_code": "NG",
            "country": "Nigeria"
        },
        "business_context": "finance"
    },
    {
        "source_platform": "google_places",
        "name": "CMC Markets plc",
        "contact": {
            "phone": "020 7170 8200",
            "website": "https://www.cmcmarkets.com/en-gb/"
        },
        "location": {
            "address": "CMC Markets, 133 Houndsditch, London",
            "country_code": "GB",
            "country": "United Kingdom"
        },
        "business_context": "finance"
    },
    {
        "source_platform": "google_places",
        "name": "CMC Nigeria",
        "contact": {
            "phone": "0802 774 2357",
            "website": null
        },
        "location": {
            "address": "C & C Towers, 7A Oladele Olashore St, Lagos",
            "country_code": "NG",
            "country": "Nigeria"
        },
        "business_context": "corporate_office"
    },
    {
        "source_platform": "google_places",
        "name": "XTB - Investing, Savings, Trading",
        "contact": {
            "phone": "04 490 5000",
            "website": "https://www.xtb.com/sca-en/"
        },
        "location": {
            "address": "World Trade Centre - The Offices 5, One central, 104 The office 5",
            "country_code": "AE",
            "country": "United Arab Emirates"
        },
        "business_context": "finance"
    },
    {
        "source_platform": "google_places",
        "name": "XTB - Inwestowanie, Oszcz\u0119dno\u015bci, Edukacja rynkowa",
        "contact": {
            "phone": "22 201 95 70",
            "website": "https://www.xtb.com/pl"
        },
        "location": {
            "address": "Prosta 67, Skyliner",
            "country_code": "PL",
            "country": "Poland"
        },
        "business_context": "finance"
    },
    {
        "source_platform": "google_places",
        "name": "XTB Online Investing - United Kingdom",
        "contact": {
            "phone": "020 3695 3085",
            "website": "https://www.xtb.com/en"
        },
        "location": {
            "address": "Level 9, Cabot Square, One Canada Square, London",
            "country_code": "GB",
            "country": "United Kingdom"
        },
        "business_context": "finance"
    },
    {
        "source_platform": "google_places",
        "name": "Xtb Studio",
        "contact": {
            "phone": "0803 942 7936",
            "website": null
        },
        "location": {
            "address": "55QQ+PHJ, Suleiman Barau Rd, Bagama 'B'",
            "country_code": "NG",
            "country": "Nigeria"
        },
        "business_context": "makeup_artist"
    },
    {
        "source_platform": "google_places",
        "name": "XTB - Investi\u021bii, Economii, Trading",
        "contact": {
            "phone": "031 425 5492",
            "website": "https://www.xtb.com/ro"
        },
        "location": {
            "address": "Bulevardul Eroilor 18, Bucure\u0219ti",
            "country_code": "RO",
            "country": "Romania"
        },
        "business_context": "finance"
    },
    {
        "source_platform": "google_places",
        "name": "XTB Online Investing - France",
        "contact": {
            "phone": "01 53 89 60 30",
            "website": "https://www.xtb.com/fr"
        },
        "location": {
            "address": "20 Av. Andr\u00e9 Prothin, Courbevoie",
            "country_code": "FR",
            "country": "France"
        },
        "business_context": "finance"
    },
    {
        "source_platform": "google_places",
        "name": "XTB - Investir, Poupar, Negociar",
        "contact": {
            "phone": "21 122 2980",
            "website": "http://xtb.com/pt"
        },
        "location": {
            "address": "Ed\u00edficio Atrium Saldanha, Pra\u00e7a Duque de Saldanha Piso 9 Fra\u00e7\u00e3o A, Lisboa",
            "country_code": "PT",
            "country": "Portugal"
        },
        "business_context": "finance"
    },
    {
        "source_platform": "google_places",
        "name": "XTB - Inversi\u00f3n, Ahorro, Formaci\u00f3n",
        "contact": {
            "phone": "915 70 67 05",
            "website": "https://www.xtb.com/es"
        },
        "location": {
            "address": "C. de Pedro Teixeira, 8, Madrid",
            "country_code": "ES",
            "country": "Spain"
        },
        "business_context": "finance"
    },
    {
        "source_platform": "google_places",
        "name": "XTB \ud83d\udd34 Investieren, Sparen, Handeln",
        "contact": {
            "phone": "030 31494490",
            "website": "https://www.xtb.com/de"
        },
        "location": {
            "address": "Joachimsthaler Str. 10, Berlin",
            "country_code": "DE",
            "country": "Germany"
        },
        "business_context": "finance"
    },
    {
        "source_platform": "google_places",
        "name": "Etoro",
        "contact": {
            "phone": "0805 151 9332",
            "website": null
        },
        "location": {
            "address": "11 Majekodunmi St, Ikeja",
            "country_code": "NG",
            "country": "Nigeria"
        },
        "business_context": "parking"
    },
    {
        "source_platform": "google_places",
        "name": "AvaTrade Johannesburg",
        "contact": {
            "phone": "031 980 0174",
            "website": "http://www.avatrade.co.za/"
        },
        "location": {
            "address": "2nd Floor, Nelson Mandela Square Office towers West, Sandton, Johannesburg",
            "country_code": "ZA",
            "country": "South Africa"
        },
        "business_context": "finance"
    },
    {
        "source_platform": "google_places",
        "name": "Pepperstone Group Limited",
        "contact": {
            "phone": "1300 033 375",
            "website": "https://pepperstone.com/en-au/"
        },
        "location": {
            "address": "727 Collins St Level 16, Tower One, Docklands",
            "country_code": "AU",
            "country": "Australia"
        },
        "business_context": "finance"
    },
    {
        "source_platform": "google_places",
        "name": "Pepperstone Financial Services LLC",
        "contact": {
            "phone": "04 497 4199",
            "website": "https://pepperstone.com/en-ae/"
        },
        "location": {
            "address": "Emaar Square Building 3, Boulevard Plaza, Fashion Parking - Dubai Mall - 3, Office - 2 Sheikh Mohammed bin Rashid Blvd",
            "country_code": "AE",
            "country": "United Arab Emirates"
        },
        "business_context": "finance"
    },
    {
        "source_platform": "google_places",
        "name": "Pepperstone EU Limited",
        "contact": {
            "phone": "25 030573",
            "website": "https://pepperstone.com/en-eu/"
        },
        "location": {
            "address": "Myronos 3, Lemesos",
            "country_code": "CY",
            "country": "Cyprus"
        },
        "business_context": "finance"
    },
    {
        "source_platform": "google_places",
        "name": "Pepperstone Markets Kenya Ltd",
        "contact": {
            "phone": "020 3893547",
            "website": "https://pepperstone.com/en-af/"
        },
        "location": {
            "address": "The Oval, 2nd Floor Ring Road, Nairobi",
            "country_code": "KE",
            "country": "Kenya"
        },
        "business_context": "finance"
    },
    {
        "source_platform": "google_places",
        "name": "Pepperstone",
        "contact": {
            "phone": "0800 046 5473",
            "website": "https://pepperstone.com/en-gb/"
        },
        "location": {
            "address": "70 Gracechurch St, London",
            "country_code": "GB",
            "country": "United Kingdom"
        },
        "business_context": "finance"
    },
    {
        "source_platform": "google_places",
        "name": "Pepperstone Markets Limited",
        "contact": {
            "phone": "(03) 9020 0155",
            "website": "https://pepperstone.com/en/"
        },
        "location": {
            "address": "1 Pineapple House, Pineapple House, 2 Western Rd, Nassau",
            "country_code": "BS",
            "country": "The Bahamas"
        },
        "business_context": "finance"
    },
    {
        "source_platform": "google_places",
        "name": "Pepperstone GmbH",
        "contact": {
            "phone": "0211 81999940",
            "website": "https://pepperstone.com/de-de/"
        },
        "location": {
            "address": "Neubr\u00fcckstra\u00dfe 1, D\u00fcsseldorf-Stadtbezirk 1",
            "country_code": "DE",
            "country": "Germany"
        },
        "business_context": "finance"
    },
    {
        "source_platform": "google_places",
        "name": "Pepperstone Apartments",
        "contact": {
            "phone": "(855) 612-5014",
            "website": "http://pepperstone-apts.com/?switch_cls[id]=86663/"
        },
        "location": {
            "address": "2021 Pepperstone Pl, Greensboro",
            "country_code": "US",
            "country": "United States"
        },
        "business_context": "apartment_complex"
    },
    {
        "source_platform": "google_places",
        "name": "FP Markets",
        "contact": {
            "phone": "(02) 8252 6800",
            "website": "https://www.fpmarkets.com/"
        },
        "location": {
            "address": "Exchange, House Level 5/10 Bridge St, Sydney",
            "country_code": "AU",
            "country": "Australia"
        },
        "business_context": "finance"
    },
    {
        "source_platform": "google_places",
        "name": "Trade With Tickmill",
        "contact": {
            "phone": "0916 319 7174",
            "website": "https://www.tickmill.com/"
        },
        "location": {
            "address": "Berger, River valley estate, 6B Uduma Kalu Dr, Lagos",
            "country_code": "NG",
            "country": "Nigeria"
        },
        "business_context": "finance"
    }
]